основа	прил.	он	она	они	прим.
аале́н	-ский	-ец	-ка	-цы	Аáлен
ааро́нов	-ский	-ец	-ка	-цы	аароново согласие
аа́хен	-ский	-ец	-ка	-цы	А́ахен
аба́	-йский	-ец	-йка	-йцы	Аба́й
абада́н	-ский	-ец	-ка	-цы	Абада́н
абази́н	-ский	-ец	-ка	-цы	народ
абака́н	-ский	-ец	-ка	-цы	Абака́н
а́ба́н	-ский	-ец	-ка	-цы	А́бан 
аба́ш	-ский	-ец	-ка	-цы	Аба́ша
а́бве́ров	-ский	-ец	-ка	-цы	а́бвер 
абду́лин	-ский	-ец	-ка	-цы	Абду́лино
аберди́н	-ский	-ец	-ка	-цы	Аберди́н 
абзели́лов	-ский	-ец	-ка	-цы	Абзели́ловский райо́н
абиджа́н	-ский	-ец	-ка	-цы	Абиджа́н
аби́н	-ский	-ец	-ка	-цы	Аби́нск
абисси́н	-ский	-ец	-ка	-цы	Абисси́ния
абовя́н	-ский	-ец	-ка	-цы	Абовя́н 
абудаби́	-йский	-ец	-йка	-йцы	А̀бу-Да́би, Абу̀-Да́би
абха́з	-ский	-ец	-ка	-цы	Абха́зия
ава́р	-ский	-ец	-ка	-цы	дагестанский народ
авари́	-йский	-ец	-йка	-йцы	авария
августи́н	-ский	-ец	-ка	-цы	святой Августин
авде́ев	-ский	-ец	-ка	-цы	Авде́евка
авиано́с	-ский	-ец		-цы	изделие
авиньо́н	-ский	-ец	-ка	-цы	Авиньо́н
австрали́	-йский	-ец	-йка	-йцы	Австра́лия
австри́	-йский	-ец	-йка	-йцы	А́встрия
автовладе́л	-ьский	-ец		-ьцы	владелец автомобиля
автовладе́лиц	-ский		-а	-ы	владелица автомобиля
автогра́д	-ский	-ец	-ка	-цы	город автомобилестроителей
автозаво́д	-ский	-ец	-ка	-цы	автомобильный завод
автозаводча́н	-ский	-ин	-ка	-не	автозавод
автомотовладе́л	-ьский	-ец	-ица	-ьцы	владелец автомототехники
агади́р	-ский	-ец	-ка	-цы	Агади́р
агады́р	-ский	-ец	-ка	-цы	Агады́рь
ага́пов	-ский	-ец	-ка	-цы	Ага́повка
агда́м	-ский	-ец	-ка	-цы	Агда́м
агда́ш	-ский	-ец	-ка	-цы	Агда́ш
агджабеди́н	-ский	-ец	-ка	-цы	Агджабеди́
аги́н	-ский	-ец	-ка	-цы	Аги́нское
а́гн	-ский	-ец		-цы	кротость животного
а́гнц	-ский	-		-ы	кротость ягнёнка
а́грин	-ский	-ец	-ка	-цы	А́гра
агропро́мов	-ский	-ец	-ка	-цы	работник агропрома
агры́з	-ский	-ец	-ка	-цы	Агры́з
агу́л	-ьский	-ец	-ка	-ьцы	Агульский район
ада́мов	-ский	-ец	-ка	-цы	Ада́мовка
а́дан	-ский	-ец	-ка	-цы	А́дана́
аделаи́д	-ский	-ец	-ка	-цы	Аделаи́да
а́ден	-ский	-ец	-ка	-цы	А́ден
аджа́н	-ский	-ец	-ка	-цы	Аджа́н
аджа́р	-ский	-ец	-ка	-цы	Аджа́рия
аджме́р	-ский	-ец	-ка	-цы	Аджме́р
адиге́н	-ский	-ец	-ка	-цы	Адиге́н
а́длер	-ский	-ец	-ка	-цы	А́длер
адыге́	-йский	-ец	-йка	-йцы	Адыге́я
адыгеха́бл	-ьский	-ец	-ка	-ьцы	Ады́ге-Хабль
азербайджа́н	-ский	-ец	-ка	-цы	Азербайджа́н
азизбе́ков	-ский	-ец	-ка	-цы	Азизбе́ков
азнака́ев	-ский	-ец	-ка	-цы	Азнака́ев
азо́в	-ский	-ец	-ка	-цы	Азо́в
айда́хов	-ский	-ец	-ка	-цы	Айда́хов
а́йкин	-ский	-ец	-ка	-цы	А́йкин
а́йни́н	-ский	-ец	-ка	-цы	А́йни
айо́в	-ский	-ец	-ка	-цы	Айо́ва 
айова́н	-ский	-ец	-ка	-цы	Айо́ва 
акалты́н	-ский	-ец	-ка	-цы	Акалтынскмй район 
акбула́к	-ский	-ец	-ка	-цы	Акбула́к
акжа́р	-ский	-ец	-ка	-цы	Акжа́р
аки́н	-ский	-ец	-ка	-цы	народ (аккинцы)
а́кит	-ский	-ец	-ка	-цы	А́кита
акка́д	-ский	-ец	-ка	-цы	Акка́д
аккерма́н	-ский	-ец	-ка	-цы	Аккерма́н
акки́н	-ский	-ец	-ка	-цы	народ
а́ккрин	-ский	-ец	-ка	-цы	А́ккра
аккурга́н	-ский	-ец	-ка	-цы	Аккурга́н
акмо́лин	-ский	-ец	-ка	-цы	Акмо́линск
акмя́н	-ский	-ец	-ка	-цы	Акмя́не
акри́	-йский	-ец	-йка	-йцы	А́кри
акса́	-йский	-ец	-йка	-йцы	Акса́й
акса́рков	-ский	-ец	-ка	-цы	Акса́рка
аксуа́т	-ский	-ец	-ка	-цы	Аксуа́т
актаны́ш	-ский	-ец	-ка	-цы	Актаны́ш
акта́ш	-ский	-ец	-ка	-цы	Акта́ш
актога́	-йский	-ец	-йка	-йцы	Актога́й
актю́бин	-ский	-ец	-ка	-цы	Актю́бинск
акуши́н	-ский	-ец	-ка	-цы	Акуша́
акшехи́р	-ский	-ец	-ка	-цы	Акшехи́р
акши́н	-ский	-ец	-ка	-цы	Акши́ / Акши́нский район
ала́	-йский	-ец	-йка	-йцы	Ала́йский район
алаба́м	-ский	-ец	-ка	-цы	Алаба́ма
алаги́р	-ский	-ец	-ка	-цы	Алаги́р 
ала́нд	-ский	-ец	-ка	-цы	Ала́ндские острова́
алансо́н	-ский	-ец	-ка	-цы	Алансо́н
алата́ус	-ский	-ец	-ка	-цы	Алата́у
ала́тыр	-ский	-ец	-ка	-цы	Ала́тырь
алба́н	-ский	-ец	-ка	-цы	Алба́ния
алда́н	-ский	-ец	-ка	-цы	Алда́н
але́	-йский	-ец	-йка	-йцы	Але́йск
александри́	-йский	-ец	-йка	-йцы	Александри́я
але́ксин	-ский	-ец	-ка	-цы	Але́ксин
але́ппин	-ский	-ец	-ка	-цы	Але́ппо
алжи́р	-ский	-ец	-ка	-цы	Алжи́р
алика́нт	-ский	-ец	-ка	-цы	Алика́нте
а́ликов	-ский	-ец	-ка	-цы	А́ликово 
алиту́с	-ский	-ец	-ка	-цы	Али́тус / Алиту́с
а́лкмар	-ский	-ец	-ка	-цы	А́лкмар
аллахаба́д	-ский	-ец	-ка	-цы	Аллахаба́д
алмаати́н	-ский	-ец	-ка	-цы	Алма́-Ата́
алма́з	-ский	-ец	-ка	-цы	Алма́з
алмалы́к	-ский	-ец	-ка	-цы	Алмалы́к
ална́ш	-ский	-ец	-ка	-цы	Ална́ши
алта́	-йский	-ец	-ка	-цы	Алта́й
алтыары́к	-ский	-ец	-ка	-цы	Алтыары́к
а́лукснен	-ский	-ец	-ка	-цы	Алуксне
алу́штин	-ский	-ец	-ка	-цы	Алу́шта
альба́н	-ский	-ец	-ка	-цы	Альба́но
альбасе́т	-ский	-ец	-ка	-цы	Альбасе́те
альбиго́	-йский	-ец	-йка	-йцы	Альби́
альбо́м	-ный	-ец		-цы	альбом
алька́идов	-ский	-ец	-ка	-цы	тер.орг. Аль-Ка́ида
а́лькам	-ский	-ец	-ка	-цы	А́лькамо
альпи́	-йский	-ец	-йка	-йцы	А́льпы
а̀льфа-сам	-цо́вый	-е́ц	-ка	-цы́	доминантное поведение
аля́скин	-ский	-ец	-ка	-цы	Аля́ска
амазо́н	-ский	-ец	-ка	-цы	Амазо́н
амальфи́	-йский	-ец	-йка	-йцы	Ама́льфи
амба́р	-ный	-ец		-цы	строение
америка́н	-ский	-ец	-ка	-цы	Америка / США
амка́ров	-ский	-ец	-ка	-цы	клуб Амка́р
амма́н	-ский	-ец	-ка	-цы	Амма́н
амри́тсар	-ский	-ец	-ка	-цы	Амри́тсар
амстерда́м	-ский	-ец	-ка	-цы	Амстерда́м
амударьи́н	-ский	-ец	-ка	-цы	Амударья́
аму́р	-ский	-ец	-ка	-цы	Аму́р / Аму́рск
амурзе́т	-ский	-ец	-ка	-цы	Амурзе́т
амурча́н	-ский	-ец	-ка	-цы	Аму́р
амше́н	-ский	-ец	-ка	-цы	субэтнос армян
амье́н	-ский	-ец	-ка	-цы	Амье́н
ана́ньев	-ский	-ец	-ка	-цы	Ана́ньев
анатоли́	-йский	-ец	-йка	-йцы	Анато́лия
анга́р	-ский	-ец	-ка	-цы	Анга́рск / Ангара́
ангарча́н	-ский	-ин	-ка	-цы	Анга́рск / Ангара́
анги́л	-ский	-ец	-ка	-цы	Анги́лья
англика́н	-ский	-ец	-ка	-цы	англика́нство
англосаксо́н	-ский	-ец	-ка	-цы	англоса́кс
анго́л	-ский	-ец	-ка	-цы	Анго́ла
анголе́з	-ский	-ец	-ка	-цы	Анго́ла
ангре́н	-ский	-ец	-ка	-цы	Ангре́н
а́нд	-ский	-ец	-ка	-цы	А́нды
андалу́з	-ский	-ец	-ка	-цы	Андалузия
андалу́с	-ский	-ец	-ка	-цы	Андалусия
андама́н	-ский	-ец	-ка	-цы	Андама́нские острова́
андеджа́н	-ский	-ец	-ка	-цы	Андеджа́н (Андижа́н)
андерма́тт	-ский	-ец	-ка	-цы	Андерма́тт
анди́	-йский	-ец	-йка	-йцы	дагестанская народность
андижа́н	-ский	-ец	-ка	-цы	Андижа́н
андижа́н	-ский	-ец	-ка	-цы	Адижа́н
андо́рр	-ский	-ец	-ка	-цы	Андо́рра
андорра́н	-ский	-ец	-ка	-цы	Андо́рра
андреа́пол	-ьский	-ец	-ька	-ьцы	Андреа́поль
андре́ев	-ский	-ец	-ка	-цы	Андре́евка
анекдо́т	-ский	-ец		-ы	краткий юмор
анже	-йский	-ец	-йка	-йцы	Анже́
анже́р	-ский	-ец	-ка	-цы	Анже́рка
анжеросуджен	-ский	-ец	-ка	-цы	Анжѐро-Су́дженск
ани́	-йский	-ец	-йка	-йцы	Ани́йский район, царство
аникщя́	-йский	-ец	-йка	-йцы	Аникщя́й
анка́р	-ский	-ец	-ка	-цы	Анкара́
анко́н	-ский	-ец	-ка	-цы	Анко́н
анна́рбор	-ский	-ец	-ка	-цы	Анн-А́рбор
а́ннин	-ский	-ец	-ка	-цы	А́нна, А́ннинский район
анони́м	-	-ец	-ка	-ы	анонимщик
анта́л	-ьский	-ец	-ька	-ьцы	Анта́лья
антве́рпен	-ский	-ец	-ка	-цы	Антве́рпен
антиамерика́н	-ский	-ец	-ка	-цы	антиамерикани́зм
антигуа́н	-ский	-ец	-ка	-цы	Анти́гуа
а̀нтие́льцин	-ский	-ец	-ка	-цы	противник Е́льцина Б.Н.
анти́л	-ьский	-ец	-ька	-ьцы	Анти́льские острова́
а̀нтилысе́нков	-ский	-ец	-ка	-цы	противник Лысе́нко Т.Д.
а̀нтимайда́нов	-ский	-ец	-ка	-цы	противник Майда́на
антро́пов	-ский	-ец	-ка	-цы	Антро́пово
ану́чин	-ский	-ец	-ка	-цы	Ану́чино
аншла́гов	-ский	-ец	-ка	-цы	«Аншлаг» шоу
аньду́н	-ский	-ец	-ка	-цы	Аньду́н (Дуньдун)
аньша́н	-ский	-ец	-ка	-цы	Аньша́нь
аомы́н	-ский	-ец	-ка	-цы	Аомы́н
апала́чин	-ский	-ец	-ка	-цы	Апала́чинск
апана́сенко́в	-ский	-ец	-ка	-цы	Апана́сенко́во
апара́н	-ский	-ец	-ка	-цы	Апара́но
апа́стов	-ский	-ец	-ка	-цы	Апа́стово
апати́т	-ский	-ец	-ка	-цы	Апати́ты
апатитов	-ский	-ец	-ка	-цы	Апати́ты
апелдо́рн	-ский	-ец	-ка	-цы	Апелдо́рн
апока́липс	-ский	-е́ц		-ы	бедствие
апо́столов	-ский	-ец	-ка	-цы	Апо́столово
аппети́т	-ный	-ец		-цы	чувство
апули́	-йский	-ец	-йка	-йцы	Апу́лия
апшеро́н	-ский	-ец	-ка	-цы	Апшеро́нск
арава́н	-ский	-ец	-ка	-цы	Арава́н
арави́	-йский	-ец	-йка	-йцы	Ара́вия
араго́н	-ский	-ец	-ка	-цы	Араго́на
ара́д	-ский	-ец	-ка	-цы	Ара́д
арака́н	-ский	-ец	-ка	-цы	Арака́н (Ракхайна)
аракче́ев	-ский	-ец	-ка	-цы	сторонники Аракче́ева
ара́л	-ьский	-ец	-ька	-ьцы	Ара́льск
араме́	-йский	-ец	-йка	-йцы	древний народ
арба́ж	-ский	-ец	-ка	-цы	Арба́ж
арбузи́н	-ский	-ец	-ка	-цы	Арбузи́нка
аргая́ш	-ский	-ец	-ка	-цы	Аргая́ш
аргенти́н	-ский	-ец	-ка	-цы	Аргенти́на
арго́с	-ский	-ец	-ка	-цы	А́ргос
аргуда́н	-ский	-ец	-ка	-цы	Аргуда́н
арда́тов	-ский	-ец	-ка	-цы	Арда́тов, Арда́тово
ардеби́л	-ьский	-ец	-ька	-ьцы	Ардеби́ль
ардо́н	-ский	-ец	-ка	-цы	Ардо́н
арети́н	-ский	-ец	-ка	-цы	Аре́ццо
аржа́н	-ский	-ец	-ка	-цы	Аржа́н
арзама́с	-ский	-ец	-ка	-цы	Арзама́с
арзги́р	-ский	-ец	-ка	-цы	Арзги́р
ари́	-йский	-ец	-йка	-йцы	дре́вние а́рии
аризо́н	-ский	-ец	-ка	-цы	Аризо́на
аркада́к	-ский	-ец	-ка	-цы	Аркада́к
аркалы́к	-ский	-ец	-ка	-цы	Аркалы́к
арканза́с	-ский	-ец	-ка	-цы	Арканза́с
арканза́с	-ский	-ец	-ка	-цы	Арканза́с
арлезиа́н	-ский	-ец	-ка	-цы	Арль
арло́н	-ский	-ец	-ка	-цы	Арло́н
армави́р	-ский	-ец	-ка	-цы	Армави́р
армаге́дд	-ский	-ец		-цы	армагеддон
арме́	-йский	-ец	-йка	-йцы	военнослужащий
армизо́н	-ский	-ец	-ка	-цы	Армизо́нское
а́рне́м	-ский	-ец	-ка	-цы	А́рнем
арпи́н	-ский	-ец	-ка	-цы	Арпи́но
арсе́ньев	-ский	-ец	-ка	-цы	Арсе́ньево
арташа́т	-ский	-ец	-ка	-цы	Арташа́т
арте́ков	-ский	-ец	-ка	-цы	Арте́к
артёмов	-ский	-ец	-ка	-цы	Артёмовск
артёмов	-ский	-ец	-ка	-цы	Артёмовск (Бахму́т)
арти́к	-ский	-ец	-ка	-цы	Артика, Артикский район
а́ртин	-ский	-ец	-ка	-цы	А́рти
артя́н	-ский	-ин	-ка	-е	А́рти 
ару́б	-ский	-ец	-ка	-цы	Ару́ба
ару́бан	-ский	-ец	-ка	-цы	Ару́ба
арха́нгел	-ьский	-ец	-ька	-ьцы	Арха́ншельск
арха́нгел	-ский	-ец	-ка	-цы	Арха́нгельск
архангелогоро́д	-ский	-ец	-ка	-цы	Арха́нгельск
архари́н	-ский	-ец	-ка	-цы	Архара́, Архари́нский райо́н
арха́ров	-ский	-ец	-ка	-цы	поведение как у арха́ра
арци́з	-ский	-ец	-ка	-цы	Арци́з
арчи́н	-ский	-ец	-ка	-цы	этнонарод Дагестана
арыкбалы́к	-ский	-ец	-ка	-цы	Арыкбалы́к
ары́с	-ский	-ец	-ка	-цы	Ары́сь
асадаба́д	-ский	-ец	-ка	-цы	Асадаба́д
асбе́стов	-ский	-ец	-ка	-цы	Асбе́ст
асеке́ев	-ский	-ец	-ка	-цы	Асеке́ево
асеновгра́д	-ский	-ец	-ка	-цы	Асеновгра́д
а́синов	-ский	-ец	-ка	-цы	А́сино
аски́з	-ский	-ец	-ка	-цы	Аски́з
а́скин	-ский	-ец	-ка	-цы	А́скино
аскриви́	-йский	-ец	-йка	-йцы	Аскривий (Котор)
аспи́ндз	-ский	-ец	-ка	-цы	Аспи́ндз
асса́м	-ский	-ец	-ка	-цы	Асса́м
ассири́	-йский	-ец	-йка	-йцы	Асси́рия, народ
астани́	-йский	-ец	-йка	-йцы	Астана́
астараха́н	-ский	-ец	-ка	-цы	Астараха́нь
астари́н	-ский	-ец	-ка	-цы	Астара́
астраха́н	-ский	-ец	-ка	-цы	А́страхань
астраха́н	-ский	-ец	-ка	-цы	А́страхань
асуа́н	-ский	-ец	-ка	-цы	Асуа́н
асунсьо́н	-ский	-ец	-ка	-цы	Асунсьо́н
асхаба́д	-ский	-ец	-ка	-цы	Ашхаба́д́
атама́н	-ский	-	-ша	-ы	предводители
атама́н	-ский	-ец	-ка	-цы	предводители
атама́н	-ский	-ец		-цы	каза́к
атама́нов	-ский	-ец	-ка	-цы	Атама́новка
атама́нш	-ский		-а	-и	предводители
атбаса́р	-ский	-ец	-ка	-цы	Атбаса́р
атбаши́н	-ский	-ец	-ка	-цы	Ат-Баши́
атка́р	-ский	-ец	-ка	-цы	Атска́р
атла́с	-ский	-ец		-цы	ткань
атю́рьев	-ский	-ец	-ка	-цы	Атю́рьево
атя́шев	-ский	-ец	-ка	-цы	Атя́шево
а́угсбург	-ский	-ец	-ка	-цы	А́уксбург
а́удрин	-ский	-ец	-ка	-цы	А́удрини
аургази́н	-ский	-ец	-ка	-цы	Аургазы́
афана́сьев	-ский	-ец	-ка	-цы	Афана́сьево
афга́н	-ский	-ец	-ка	-цы	Афганиста́н
афга́н	-ский	-ец	-ка	-цы	Афганиста́н
афо́н	-ский	-ец	-ка	-цы	Афо́н
афо́н	-ский	-ец	-ка	-цы	Афо́н
африка́н	-ский	-ец	-ка	-цы	А́фрика
африка́н	-ский	-ец	-ка	-цы	А́фрика
афроамерика́н	-ский	-ец	-ка	-цы	америка́нец из А́фрики
афробрита́н	-ский	-ец	-ка	-цы	брита́нцы из А́фрики
ахалкала́к	-ский	-ец	-ка	-цы	Ахалкала́к
ахалтеки́н	-ский	-ец	-ка	-цы	Ахалтеки́нский оа́зис
ахалци́х	-ский	-ец	-ка	-цы	Ахалцихе́
ахалцихе́	-йский	-ец	-йка	-йцы	Ахалцихе́
ахангара́н	-ский	-ец	-ка	-цы	Ахангара́н
ахва́х	-ский	-ец	-ка	-цы	дагестанский народ
ахе́	-йский	-ец	-йка	-йцы	древнегреческий народ
а́хен	-ский	-ец	-ка	-цы	А́хен
а́хен	-ский	-ец	-ка	-цы	А́хен
ахея́н	-ский	-ин	-ка	-цы	древнегреческий народ
ахмадаба́д	-ский	-ец	-ка	-цы	Ахмадаба́д
ахме́т	-ский	-ец	-ка	-цы	Ахме́ты
ахсу́	-йский	-ец	-йка	-йцы	Ахсу́
ахсу́ин	-ский	-ец	-ка	-цы	Ахсу́
а́хту́бин	-ский	-ец	-ка	-цы	А́хту́бинск, река Ахтуба
ахты́н	-ский	-ец	-ка	-цы	Ахты́
ахунбаба́ев	-ский	-ец	-ка	-цы	Ахунбаба́евский райо́н
ахуря́н	-ский	-ец	-ка	-цы	Ахуря́н
а́чин	-ский	-ец	-ка	-цы	А́чинск
а́чин	-ский	-ец	-ка	-цы	А́чинск
ачи́т	-ский	-ец	-ка	-цы	Ачи́т
ачхоймарта́нов	-ский	-ец	-ка	-цы	Ачхо́й-Марта́н
аши́н	-ский	-ец	-ка	-цы	Аша́
а́шт	-ский	-ец	-ка	-цы	Ашт
аштара́к	-ский	-ец	-ка	-цы	Аштара́к
ашхаба́д	-ский	-ец	-ка	-цы	Ашхаба́д
аяго́з	-ский	-ец	-ка	-цы	Аяго́з
аягу́з	-ский	-ец	-ка	-цы	Аягу́з (Аягоз)
ая́н	-ский	-ец	-ка	-цы	Ая́н
ая́ччин	-ский	-ец	-ка	-цы	Ая́ччо
баба́ев	-ский	-ец	-ка	-цы	Баба́ево
ба́бар	-ский	-ец	-ка	-цы	Баба́р
бабаю́ртов	-ский	-ец	-ка	-цы	Бабаю́рт
ба́бушкин	-ский	-ец	-ка	-цы	Ба́бушкин
бабы́нин	-ский	-ец	-ка	-цы	Бабы́нино
бава́р	-ский	-ец	-ка	-цы	Бава́рия
бава́р	-ский	-ец	-ка	-цы	Бава́рия
бавли́н	-ский	-ец	-ка	-цы	Бавлы́
бага́м	-ский	-ец	-ка	-цы	Бага́мы
бага́м	-ский	-ец	-ка	-цы	Бага́мские острова́
бага́н	-ский	-ец	-ка	-цы	Бага́н
багда́д	-ский	-ец	-ка	-цы	Багда́д
ба́глан	-ский	-ец	-ка	-цы	Ба́глан
багр	-е́цкий	-е́ц		-ецы́	краска
багратио́нов	-ский	-ец	-ка	-цы	Багратио́новка
багря́н	-ский	-ец		-цы	цвет
багря́н	-ный	-ец		-цы	цвет
бадахо́с	-ский	-ец	-ка	-цы	Бадахо́с
ба́ден	-ский	-ец	-ка	-цы	Ба́ден
ба́ден	-ский	-ец	-ка	-цы	Ба́ден, Ба́ден-Ба́ден
ба́денвю́ртемберг	-ский	-ец	-ка	-цы	Ба́ден-Вю́ртемберг
ба́ев	-ский	-ец	-ка	-цы	Ба́ево
базарнокарабула́к	-ский	-ец	-ка	-цы	База́рный Карабула́к
ба́зел	-ьский	-ец	-ька	-ьцы	Ба́зель
базилика́т	-ский	-ец	-ка	-цы	Базилика́та
баия́н	-ский	-ец	-ка	-цы	Баи́я
байгани́н	-ский	-ец	-ка	-цы	Байгани́н
байка́л	-ский	-ец	-ка	-цы	Байка́л
байка́лов	-ский	-ец	-ка	-цы	Байка́лово
байкону́р	-ский	-ец	-ка	-цы	Байкону́р
байо́н	-ский	-ец	-ка	-цы	Байо́н
байо́нн	-ский	-ец	-ка	-цы	Байо́нна
байрамали́	-ский	-ец	-ка	-цы	Байра́м-Али́
байрёйт	-ский	-ец	-ка	-цы	Байрёйт
байсу́н	-ский	-ец	-ка	-цы	Байсу́н
байтайги́н	-ский	-ец	-ка	-цы	Бай-Тайги́нский райо́н
бака́л	-ьский	-ец	-ька	-ьцы	Бака́л
бакали́н	-ский	-ец	-ка	-цы	Бакалы́
ба́кен	-ский	-ец		-цы	бак / буй
баки́н	-ский	-ец	-ка	-цы	Баку́, Баки́нский райо́н
баки́н	-ский	-ец	-ка	-цы	Баку́
бакса́н	-ский	-ец	-ка	-цы	Бакса́н
бакуриа́н	-ский	-ец	-ка	-цы	Бакуриа́ни
бакча́р	-ский	-ец	-ка	-цы	Бакча́р
балакле́	-йский	-ец	-йка	-йцы	Балакле́я
балако́в	-ский	-ец	-ка	-цы	Балако́во
балахни́н	-ский	-ец	-ка	-цы	Балахна́
балахо́н	-ский	-ец	-ка	-цы	Балахона́
балахти́н	-ский	-ец	-ка	-цы	Балахта́
балаши́хин	-ский	-ец	-ка	-цы	Балаши́ха
балашо́в	-ский	-ец	-ка	-цы	Балашо́в
бале́	-йский	-ец	-йка	-йцы	Бале́й
балеа́р	-ский	-ец	-ка	-цы	Балеа́рские острова́
балка́н	-ский	-ец	-ка	-цы	Балка́ны
балка́р	-ский	-ец	-ка	-цы	Кабарди́но-Балка́рия
балка́шин	-ский	-ец	-ка	-цы	Балка́шино
баллара́т	-ский	-ец	-ка	-цы	Баллара́т
ба́лт	-ский	-ец	-ка	-цы	Ба́лта
балта́	-йский	-ец	-йка	-йцы	Балта́й
балтаси́н	-ский	-ец	-ка	-цы	Балтаси́
балта́чев	-ский	-ец	-ка	-цы	Балта́чевский район
балтдо́мов	-ский	-ец	-ка	-цы	актёры теа́тра
балти́	-йский	-ец	-йка	-йцы	Ба́лтика
балти́	-ский	-ец	-ка	-цы	наро́д Приба́лтики, во́ин балти́йского фло́та
балтимо́р	-ский	-ец	-ка	-цы	Балтимо́р
балха́ш	-ский	-ец	-ка	-цы	Балха́ш
балыкчи́н	-ский	-ец	-ка	-цы	Балыкчи́
балыкши́н	-ский	-ец	-ка	-цы	Балыкши́
бама́к	-ский	-ец	-ка	-цы	Бамако́
ба́мов	-ский	-ец	-ка	-цы	БАМ
бан	-ский	-е́ц		-цы́	петля
ба́н	-ский	-ец		-цы	интернет бан
бангало́р	-ский	-ец	-ка	-цы	Бангало́р (Бенгало́ра, Бенгало́ру)
бангалу́р	-ский	-ец	-ка	-цы	Бангало́р (Бангалу́ра, Бенгало́ру)
банги́	-ский	-ец	-ка	-цы	Банги́
бангко́к	-ский	-ец	-ка	-цы	Бангко́к
бангладе́ш	-ский	-ец	-ка	-цы	Бангладе́ш
бангладе́ш	-ский	-ец	-ка	-цы	Бангладе́ш
бандабе́рг	-ский	-ец	-ка	-цы	Бандабе́рг
бандале́з	-ский	-ец	-ка	-цы	Ба́нда
банда́н	-ский	-ец	-ка	-цы	Ба́нда
банде́ров	-ский	-ец	-ка	-цы	Банде́ра
банду́нг	-ский	-ец	-ка	-цы	Банду́нг
банжу́л	-ьский	-ец	-ка	-ьцы	Банжу́л (Ба́терст)
ба́нков	-ский	-ец	-ка	-цы	ба́нк
бара́бин	-ский	-ец	-ка	-цы	Бара́бинск
бара́бин	-ский	-ец	-ка	-цы	Бара́бинск
бара́н	-ский	-ец		-цы	животные
бара́н	-ский	-ец	-ка	-цы	пи́ща
барбадо́с	-ский	-ец	-ка	-цы	Барбадо́сы
барбадо́с	-ский	-ец	-ка	-цы	Барба́дос
барбизо́н	-ский	-ец	-ка	-цы	мона́шеский о́рден
барве́нков	-ский	-ец	-ка	-цы	Барве́нково
баргузи́н	-ский	-ец	-ка	-цы	Баргузи́н
барды́м	-ский	-ец	-ка	-цы	Барда́
бари́	-йский	-ец	-йка	-йцы	Ба́ри
барнау́л	-ьский	-ец	-ка	-ьцы	Барнау́л
барнау́л	-ьский	-ец	-ка	-ьцы	Барнау́л
баро́н	-ский	-ец	-ка	-цы	
барсело́н	-ский	-ец	-ка	-цы	Барсело́на
бару́н	-ский	-ец	-ка	-цы	Бару́н
барунхемчи́к	-ский	-ец	-ка	-цы	Бару́н-Хемчи́кский район
ба́рхат	-ский	-ец	-ка	-цы	растение и украшение
бары́ш	-ский	-ец	-ка	-цы	Бары́ш
бары́шев	-ский	-ец	-ка	-цы	Ба́рышевка, Бары́шевский район
баря́тин	-ский	-ец	-ка	-цы	Баря́тино
баса́ев	-ский	-ец	-ка	-цы	ба́нды Баса́ева
баснопи́с	-ский	-ец	-еца	-цы	сочини́тели ба́сен
ба́срин	-ский	-ец	-ка	-цы	Ба́сра
басти́	-йский	-ец	-йка	-йцы	Басти́я
бата́	-йский	-ец	-йка	-йцы	Бата́йск
батага́	-йский	-ец	-йка	-йцы	Батага́й
баталхаджи́н	-ский	-ец	-ка	-цы	Бата́л-Хаджи́ Белхоро́ев
батаре́	-ский	-ец	-ка	-цы	во́инская батаре́я
ба́терст	-ский	-ец	-ка	-цы	Ба́терст / Банжу́л
батке́н	-ский	-ец	-ка	-цы	Батке́н
бату́м	-ский	-ец	-ка	-цы	Бату́ми
ба́тырев	-ский	-ец	-ка	-цы	Ба́тырево
ба́унтов	-ский	-ец	-ка	-цы	Ба́унтовский райо́н
бахарде́н	-ский	-ец	-ка	-цы	Бахарде́н
бахму́т	-ский	-ец	-ка	-цы	Бахму́т / Артёмовск
бахре́йн	-ский	-ец	-ка	-цы	Бахре́йн
бахчисара́	-йский	-ец	-йка	-йцы	Бахчисара́й
бацби́	-йский	-ец	-йка	-йцы	наро́д Кавка́за
башанти́н	-ский	-ец	-ка	-цы	Баша́нт / Городовико́в
башкортоста́н	-ский	-ец	-ка	-цы	Башкортоста́н
башмако́в	-ский	-ец	-ка	-цы	Башмако́во
башта́н	-ский	-ец	-ка	-цы	Башта́н
баянау́л	-ский	-ец	-ка	-цы	Баянау́л
баяу́т	-ский	-ец	-ка	-цы	Баяу́тский райо́н
бе́	-йский	-ец	-йка	-йцы	Бе́й
беа́рн	-ский	-ец	-ка	-цы	Беа́рн
бегл	-е́цкий	-е́ц	-е́цка	-ецы́	бег
бегова́т	-ский	-ец	-ка	-цы	Бегова́т
беднодемья́нов	-ский	-ец	-ка	-цы	Беднодемья́новка
бе́жен	-ский	-ец	-ка	-цы	бежа́ть
безансо́н	-ский	-ец	-ка	-цы	Безансо́н
безенчу́к	-ский	-ец	-ка	-цы	Безенчу́к
безенчу́ков	-ский	-ец	-ка	-цы	Безенчу́к
безмеи́н	-ский	-ец	-ка	-цы	Безмеи́н (Безмейн)
безу́м	-ный	-ец	-ная	-цы	без ума
бейне́ус	-ский	-ец	-ка	-цы	Бейне́у
бейру́т	-ский	-ец	-ка	-цы	Бейру́т
бейтла́хмов	-ский	-ец	-ка	-цы	Бейт-Ла́хма (Вифлеем)
бекаба́д	-ский	-ец	-ка	-цы	Бекаба́д
бекешча́б	-ский	-ец	-ка	-цы	Бекешча́б
бе́ков	-ский	-ец	-ка	-цы	Бе́ково
бел	-е́цкий	-е́ц		-ьцы́	миря́нин, до по́стрига в мона́шество
белгоро́д	-ский	-ец	-ка	-цы	Белгоро́д
бе́лгород	-ский	-ец	-ка	-цы	Бе́логород
белгородднестро́в	-ский	-ец	-ка	-цы	Бе́лгород-Днестро́вский
белгоро́дщин	-ский	-ец	-ка	-цы	Белгоро́дщина
белгра́д	-ский	-ец	-ка	-цы	Белгра́д
белебе́ев	-ский	-ец	-ка	-цы	Белебе́й
белёв	-ский	-ец	-ка	-цы	Белёв
беле́н	-ский	-ец	-ка	-цы	Беле́н
бели́з	-ский	-ец	-ка	-цы	Бели́з
бели́н	-ский	-ец	-ка	-цы	Бели́нский
бело́в	-ский	-ец	-ка	-цы	Бело́во
белово́д	-ский	-ец	-ка	-цы	Белово́дье, Белово́дск
белогварде́	-йский	-ец	-йка	-йцы	Белогварде́йск или военный
белогли́н	-ский	-ец	-ка	-цы	Белая Гли́на
белого́р	-ский	-ец	-ка	-цы	Белого́рск
белогоро́д	-ский	-ец	-ка	-цы	Белогоро́дская область
белодере́в	-ский	-ец	-ка	-цы	как белодере́вщик
белодо́мов	-ский	-ец	-ка	-цы	полит-гру́ппа лиц
белозе́м	-ский	-ец	-ка	-цы	землевладе́лец
белозе́р	-ский	-ец	-ка	-цы	Белозе́рск, Бе́лое о́зеро
белокали́твин	-ский	-ец	-ка	-цы	Бе́лая Калитва́
белока́н	-ский	-ец	-ка	-цы	Белока́ны
белоката́	-йский	-ец	-йка	-йцы	Белоката́йский райо́н
белокура́кин	-ский	-ец	-ка	-цы	Белокура́кино
беломе́ст	-ский	-ец	-ка	-цы	представи́тель населе́ния
беломо́р	-ский	-ец	-ка	-цы	Бе́лое мо́ре
белоозе́р	-ский	-ец	-ка	-цы	Бе́лое озе́ро
белопа́ш	-ский	-ец	-ка	-цы	владе́лец земли́
белопо́л	-ьский	-ец	-ька	-ьцы	Белопо́лье
белоре́чен	-ский	-ец	-ка	-цы	Белоре́ченск
белосто́к	-ский	-ец	-ка	-цы	Белосто́к
белохолу́нин	-ский	-ец	-ка	-цы	Бе́лая Холуни́ца
белоэсто́н	-ский	-ец	-ка	-цы	вое́нное формирова́ние
белоя́р	-ский	-ец	-ка	-цы	Бе́лый Я́р
белфа́ст	-ский	-ец	-ка	-цы	Белфа́ст
бельги́	-йский	-ец	-йка	-йцы	Бе́льгия
беля́ев	-ский	-ец	-ка	-цы	Беля́ево
бенга́з	-ский	-ец	-ка	-цы	Бенга́зи
бенгази́	-йский	-ец	-йка	-йцы	Бенга́зи
бенга́л	-ьский	-ец	-ка	-ьцы	Бенга́лия, Бенгала
бенгало́р	-ский	-ец	-ка	-цы	Бенгало́ра / Бангало́р
бенгалу́р	-ский	-ец	-ка	-цы	Бенгало́ру / Бангало́р
бенгалу́р	-ский	-ец	-ка	-цы	Бенгало́ру / Бангало́р
бенде́р	-ский	-ец	-ка	-цы	Бенде́ры
бендерторкема́н	-ский	-ец	-ка	-цы	Бенде́р-Торкема́н (Бенде́р-Шах)
бендерша́х	-ский	-ец	-ка	-цы	Бенде́р-Шах / Бенде́р-Торкема́н
бенедикти́н	-ский	-ец	-ка	-цы	мона́шеский о́рден
бени́н	-ский	-ец	-ка	-цы	Бени́н
беоти́	-йский	-ец	-йка	-йцы	Беоти́я
берга́м	-ский	-ец	-ка	-цы	Берга́мо
бе́рген	-ский	-ец	-ка	-цы	Бе́рген
бердю́ж	-ский	-ец	-ка	-цы	Бердю́жье
бердя́н	-ский	-ец	-ка	-цы	Бердя́нск
береза́н	-ский	-ец	-ка	-цы	Береза́нка, Береза́нский райо́н
березнегова́т	-ский	-ец	-ка	-цы	Березнегова́тое
березнико́в	-ский	-ец	-ка	-цы	Березники́
берёзов	-ский	-ец	-ка	-цы	Берёза, Берёзовка, Берёзово
бе́рингов	-ский	-ец	-ка	-цы	Бе́ринговский
бе́ркутов	-ский	-ец	-ка	-цы	бе́ркут
берли́н	-ский	-ец	-ка	-цы	Берли́н
берму́д	-ский	-ец	-ка	-цы	Берму́ды
бе́рн	-ский	-ец	-ка	-цы	Бе́рн
бернарди́н	-ский	-ец	-ка	-цы	мона́шеский о́рден
бернштейниа́н	-ский	-ец	-ка	-цы	бернштейна́нство
берри́	-йский	-ец	-йка	-йцы	Берри́
берша́д	-ский	-ец	-ка	-цы	Бе́ршадь
бескарага́	-йский	-ец	-йка	-йцы	Бескарага́йский райо́н
бесла́н	-ский	-ец	-ка	-цы	Бесла́н
бесла́нов	-ский	-ец	-ка	-цы	Бесла́н
беспопо́в	-ский	-ец	-ка	-цы	беспопо́вщина
бессо́нов	-ский	-ец	-ка	-цы	Бессо́новка
бизе́рт	-ский	-ец	-ка	-цы	Бизе́рт
бики́н	-ский	-ец	-ка	-цы	Бики́н
би́лефе́льд	-ский	-ец	-ка	-цы	Би́лефе́льд
били́бин	-ский	-ец	-ка	-цы	Били́бино
бильба́	-йский	-ец	-йка	-йцы	Бильба́о
бильбао́с	-ский	-ец	-ка	-цы	Бильба́о
би́ржа	-йский	-ец	-йка	-йцы	Би́ржай
бирилю́с	-ский	-ец	-ка	-цы	Бирилю́сса
бирма́н	-ский	-ец	-ка	-цы	Би́рма
бирминге́м	-ский	-ец	-ка	-цы	Бирминге́м
биробиджа́н	-ский	-ец	-ка	-цы	Биробиджа́н
бируни́	-йский	-ец	-йка	-йцы	Бируни́ (Кят)
бирюси́н	-ский	-ец	-ка	-цы	Бирюси́нск
биса́у-гвине́	-йский	-ец	-йка	-йцы	Гвине́я-Биса́у
биса́ус	-ский	-ец	-ка	-цы	Биса́у
бисе́рт	-ский	-ец	-ка	-цы	Бисе́рть
биска́	-йский	-ец	-йка	-йцы	Биска́йя
би́тол	-ьский	-ец	-ка	-ьцы	Би́тол
бичу́р	-ский	-ец	-ка	-цы	Бичу́ра
бишку́л	-ьский	-ец	-ка	-ьцы	Бишку́ль
благова́р	-ский	-ец	-ка	-цы	Благова́р
благове́щен	-ский	-ец	-ка	-цы	Благове́щенск
благода́рнен	-ский	-ец	-ка	-цы	Благода́рный
благоевгра́д	-ский	-ец	-ка	-цы	Благоевгра́д
близн	-е́цкий	-е́ц	-я́жка	-цы́	одина́ковые лю́ди
близнюко́в	-ский	-ец	-ка	-цы	Близнюки́
блин	-ский	-е́ц		-цы́	пи́ща
блин	-ский	-е́ц		-цы́	осо́бый блин
блэ́кберн	-ский	-ец	-ка	-цы	Блэ́кберн
бо	-йцо́вский	-е́ц	-йцо́вка	-йцы́	бой
бо́брин	-ский	-ец	-ка	-цы	Бо́бринск
бобро́в	-ский	-ец	-ка	-цы	Бобро́в
бобру́	-йский	-ец	-йка	-йцы	Бобру́йск
бога́тов	-ский	-ец	-ка	-цы	Бога́тое
богда́нов	-ский	-ец	-ка	-цы	Богдановка, Богданово
богдано́вич	-ский	-ец	-ка	-цы	Богдано́вич
богобо́р	-ский	-ец	-ка	-цы	про́тив Бо́га
богове́р	-ский	-ец	-ка	-цы	ве́рит в Бо́га
богоду́хов	-ский	-ец	-ка	-цы	Богоду́хов
боголю́бов	-ский	-ец	-ка	-цы	Боголю́бово
богомо́л	-ьский	-ец	-ка	-ьцы	мо́лится Бо́гу
бо́гор	-ский	-ец	-ка	-цы	Бо́гор
богоро́д	-ский	-ец	-ка	-цы	Богоро́дск
бого́т	-ский	-ец	-ка	-цы	Богота́
боготи́н	-ский	-ец	-ка	-цы	Богота́
бого́тин	-ский	-ец	-ка	-цы	Бого́тинск
богото́л	-ьский	-ец	-ка	-ьцы	Богото́л
богра́д	-ский	-ец	-ка	-цы	Богра́д
богуча́н	-ский	-ец	-ка	-цы	Богуча́ны
богуча́р	-ский	-ец	-ка	-цы	Богуча́р
богуча́ров	-ский	-ец	-ка	-цы	Богуча́р
бодайби́н	-ский	-ец	-ка	-цы	Бодайбо́
божево́л	-ьский	-ец	-ка	-ьцы	бо́жья во́ля
бо́кан	-ский	-ец	-ка	-цы	брус кормы́ для снасте́й
боконба́ев	-ский	-ец	-ка	-цы	Боконба́евское
бокситого́р	-ский	-ец	-ка	-цы	Бокситого́рск
болга́р	-ский	-ин	-ка	-ы	Болга́рия
болга́р	-ский	-ец	-ка	-цы	Болга́рия
болгра́д	-ский	-ец	-ка	-цы	Болгра́д
бо́лдин	-ский	-ец	-ка	-цы	Бо́лдино
бо́лдырев	-ский	-ец	-ка	-цы	политбло́к Бо́лдырева
боливи́	-йский	-ец	-йка	-йцы	Боливи́я
болни́с	-ский	-ец	-ка	-цы	Болни́си
болого́в	-ский	-ец	-ка	-цы	Болого́е
боло́н	-ский	-ец	-ка	-цы	Боло́нья
болони́	-йский	-ец	-йка	-йцы	Боло́нья
боло́тнин	-ский	-ец	-ка	-цы	Боло́тное
бо́лохов	-ский	-ец	-ка	-цы	Бо́лохово
бо́лтон	-ский	-ец	-ка	-цы	Бо́лтон
бо́лхов	-ский	-ец	-ка	-цы	Бо́лхов
больца́н	-ский	-ец	-ка	-цы	Больца́но
большеберезнико́в	-ский	-ец	-ка	-цы	Больши́е Березняки́
большебо́лдин	-ский	-ец	-ка	-цы	Большо́е Бо́лдино
большеглуши́т	-ский	-ец	-ка	-цы	Больша́я Глуши́ца
большеземе́л	-ьский	-ец	-ька	-ьцы	Большеземе́льская ту́ндра
большеигна́тов	-ский	-ец	-ка	-цы	Большо́е Игна́тово
большемура́шкин	-ский	-ец	-ка	-цы	Большо́е Мура́шкино
большемурти́н	-ский	-ец	-ка	-цы	Больша́я Мурта́
большенары́м	-ский	-ец	-ка	-цы	Большенары́мское
большере́чен	-ский	-ец	-ка	-цы	Большере́чье
большесе́л	-ьский	-ец	-ька	-ьцы	Большо́е село́
большесоро́кин	-ский	-ец	-ка	-цы	Большо́е Соро́кино
большеуко́в	-ский	-ец	-ка	-цы	Больши́е Уки́
большеулу́	-йский	-ец	-йка	-йцы	Большо́й Улу́й
большечерни́гов	-ский	-ец	-ка	-цы	Больша́я Черни́говка
бомбе́	-йский	-ец	-йка	-йцы	Бомбе́й
бо́ндар	-ский	-ец	-ка	-цы	Бо́ндари
бонифачи́	-йский	-ец	-йка	-йцы	Бонифа́чо
бо́нн	-ский	-ец	-ка	-цы	Бонн
бор	-е́цкий	-е́ц	-чи́ха	-цы́	спортсмен и растение
бордо́с	-ский	-ец	-ка	-цы	Бордо́
боржо́м	-ский	-ец	-ка	-цы	Боржо́ми
бо́рзин	-ский	-ец	-ка	-цы	Бо́рзя
борзопи́с	-ский	-ец	-ка	-цы	писа́тель
борисла́в	-ский	-ец	-ка	-цы	Борисла́в
бори́сов	-ский	-ец	-ка	-цы	Бори́сов
борисогле́б	-ский	-ец	-ка	-цы	Борисогле́бск
бо́рнхо́льм	-ский	-ец	-ка	-цы	Бо́рнхо́льм
бо́ров	-ский	-ец	-ка	-цы	Бо́ровск
боровча́н	-ский	-ец	-ка	-цы	Боровча́нск
бороду́лихин	-ский	-ец	-ка	-цы	Бороду́лиха
бородя́н	-ский	-ец	-ка	-цы	Бородя́нка
босни́	-йский	-ец	-йка	-йцы	Босни́я
бо́стон	-ский	-ец	-ка	-цы	Бо́стон
ботевгра́д	-ский	-ец	-ка	-цы	Ботевгра́д
бо́тлих	-ский	-ец	-ка	-цы	Бо́тлих
бо̀товладе́л	-ьческий	-ец	-ица	-ьцы	бот
ботоша́н	-ский	-ец	-ка	-цы	Ботоша́ни
ботсва́н	-ский	-ец	-ка	-цы	Ботсва́на
бо́хан	-ский	-ец	-ка	-цы	Бо́хан
бо́хум	-ский	-ец	-ка	-цы	Бо́хум
браба́нт	-ский	-ец	-ка	-цы	Браба́нт
брага́н	-ский	-ец	-ка	-цы	Бра́га
бра́дфорд	-ский	-ец	-ка	-цы	Бра́дфорд
браззави́л	-ьский	-ец	-ька	-ьцы	Браззави́ль
брази́л	-ьский	-ец	-ька	-ьцы	Брази́лия
брази́льан	-ский	-ец	-ка	-цы	Брази́лия
бразилья́н	-ский	-ец	-ка	-цы	Брази́лия
бра́йтон	-ский	-ец	-ка	-цы	Бра́йтон
бранденбу́рг	-ский	-ец	-женка	-цы	Бранденбу́рг
бранденбу́рж	-ский	-ец	-ка	-цы	Бранденбу́рг
бра́т	-ский	-ец		-цы	бра́т
братисла́в	-ский	-ец	-ка	-цы	Братисла́ва
бра́унист	-ский	-	-ка	-ы	монашество
брауншве́йг	-ский	-ец	-ка	-цы	Брауншве́йг
бра́шов	-ский	-ец	-ка	-цы	Бра́шов
бре́дин	-ский	-ец	-ка	-цы	Бре́ды
брезгли́в	-	-ец	-ка	-цы	брезгли́вые
бре́йтов	-ский	-ец	-ка	-цы	Бре́йтово
бре́мен	-ский	-ец	-ка	-цы	Бре́мен
бремерха́фен	-ский	-ец	-ка	-цы	Бремерха́фен
бресла́в	-ский	-ец	-ка	-цы	Бресла́ва (Вро́цлав)
бре́ст	-ский	-ец	-ка	-цы	Бре́ст
брето́н	-ский	-ец	-ка	-цы	Брета́нь
бреша́н	-ский	-ец	-ка	-цы	Брѐша
брешиа́н	-ский	-ец	-ка	-цы	Брѐша
бригадми́л	-ьский	-ец	-ька	-ьцы	брига́ды мили́ции
бриндизи́н	-ский	-ец	-ка	-цы	Бри́ндизи
бри́сбен	-ский	-ец	-ка	-цы	Бри́сбен
бристо́л	-ьский	-ец	-ька	-ьцы	Бристо́ль
брита́н	-ский	-ец	-ка	-цы	Брита́ния
брне́н	-ский	-ец	-ка	-цы	Брно
брно́в	-ский	-ец	-ка	-цы	Брно
бровено́с	-ский	-ец	-ка	-цы	бро́ви
бро́дов	-ский	-ец	-ка	-цы	Бро́ды
бронено́с	-ский	-ец	-ка	-цы	живо́тное, боевой корабль, нести́ броню́
бру́клин	-ский	-ец	-ка	-цы	Бру́клин
бруне́	-йский	-ец	-йка	-йцы	Бруне́й
брусни́кин	-ский	-ец	-ка	-цы	выпускник Брусни́кина
брэи́л	-ьский	-ец	-ька	-ьцы	Брэи́л
брю́гген	-ский	-ец	-ка	-цы	Брю́гген
брю́ж	-ский	-ец	-ка	-цы	Брю́гге
брюссе́л	-ьский	-ец	-ька	-ьцы	Брюссе́ль
бря́н	-ский	-ец	-ка	-цы	Бря́нск
бря́нщин	-ский	-ец	-ка	-цы	Бря́нщина
бубен	-ский	-е́ц		-цы́	бубе́нчики
бугульми́н	-ский	-ец	-ка	-цы	Бугульма́
бугу́н	-ский	-ец	-ка	-цы	Бугу́нь
бугурусла́н	-ский	-ец	-ка	-цы	Бугурусла́н
будапе́шт	-ский	-ец	-ка	-цы	Будапе́шт
будённов	-ский	-ец	-ка	-цы	Будённов, Будённовск
будёнов	-ский	-ец	-ка	-цы	боец, Будёный
бу́ев	-ский	-ец	-ка	-цы	Бу́й
бужумбу́р	-ский	-ец	-ка	-цы	Бужумбу́р
буздя́к	-ский	-ец	-ка	-цы	Буздя́к
буздя́ков	-ский	-ец	-ка	-цы	Буздя́к
буи́н	-ский	-ец	-ка	-цы	Буи́нск
буйна́к	-ский	-ец	-ка	-цы	Буйна́к, Буйна́кск
буке́т	-ский	-ец		-цы	буке́т
буки́н	-ский	-ец	-ка	-цы	Бук
букови́н	-ский	-ец	-ка	-цы	Букови́на
була́ев	-ский	-ец	-ка	-цы	Була́ево
було́н	-ский	-ец	-ка	-цы	Було́нь-сюр-Мер
булунгу́р	-ский	-ец	-ка	-цы	Булунгу́р
бумаготво́р	-ский	-ец	-ка	-цы	творе́ц нену́жных бума́г
бу́ндов	-ский	-ец	-ка	-цы	БУНД
бура́ев	-ский	-ец	-ка	-цы	Бура́ево
бурга́с	-ский	-ец	-ка	-цы	Бурга́с
бургенла́нд	-ский	-ец	-ка	-цы	Бургенла́нд
бургу́нд	-ский	-ец	-ка	-цы	Бургу́ндия
буре́	-йский	-ец	-йка	-йцы	житель Буре́я
бурзя́н	-ский	-ец	-ка	-цы	Бурзя́нский райо́н
буркини́	-йский	-ец	-йка	-йцы	Буркина́-Фасо́
бурли́н	-ский	-ец	-ка	-цы	Бурла́, Бурли́н
бурунди́	-йский	-ец	-йка	-йцы	Буру́нди
буря́т	-ский	-	-ка	-ы	Буря́тия
бусто́н	-ский	-ец	-ка	-цы	Бусто́н
бута́н	-ский	-ец	-ка	-цы	Бута́н
бутербро́д	-ный	-ец		-цы	бутербро́д
бутурли́нов	-ский	-ец	-ка	-цы	Бутурли́новка
бутыл	-е́цкий	-е́ц		-ьцы́	буты́лка
буфе́т	-ский	-ец		-цы	буфе́т
буха́р	-ский	-ец	-ка	-цы	Бухара́
бухаре́ст	-ский	-ец	-ка	-цы	Бухаре́ст
буэ̀носа́йрес	-ский	-ец	-ка	-цы	Буэ̀нос-А́йрес
бхагалпу́р	-ский	-ец	-ка	-цы	Бхагалпу́р
бхила́	-йский	-ец	-йка	-йцы	Бхила́и
бхопа́л	-ьский	-ец	-ка	-ьцы	Бхопа́л
бхубанешва́р	-ский	-ец	-ка	-цы	Бхубанешва́р
быва́л	-ьский	-ец	-ка	-ьцы	быва́л
бы́дгощ	-ский	-ец	-ка	-цы	Бы́дгощ
бырла́д	-ский	-ец	-ка	-цы	Бырла́д
быстри́н	-ский	-ец	-ка	-цы	Быстри́нский райо́н
быстро́в	-ский	-ец	-ка	-цы	Быстро́вка
быстроисто́к	-ский	-ец	-ка	-цы	Бы́стрый Исто́к
бы́том	-ский	-ец	-ка	-цы	Бы́том
бы́хов	-ский	-ец	-ка	-цы	Бы́хов
бю́тов	-ский	-ец	-ка	-цы	член па́ртии Ю.Тимоше́нко
вайо́минг	-ский	-ец	-ка	-цы	Вайо́минг
валенсиа́н	-ский	-ец	-ка	-цы	Вале́нсия
вануа́т	-ский	-ец	-ка	-цы	
ватика́н	-ский	-ец	-ка	-цы	Ватика́н
вашингто́н	-ский	-ец	-ка	-цы	Вашингто́н
великобрита́н	-ский	-ец	-ка	-цы	Великобрита́ния
веллингто́н	-ский	-ец	-ка	-цы	Ве́ллингтон
ве́н	-ский	-ец	-ка	-цы	
венесуэ́л	-ьский	-ец	-ка	-ьцы	Велесуэ́ла
венециа́н	-ский	-ец	-ка	-цы	Вене́ция
вермо́нт	-ский	-ец	-ка	-цы	Вермо́нт
веро́н	-ский	-ец	-ка	-цы	Веро́на
верхоя́н	-ский	-ец	-ка	-цы	Верхоя́нск
вестфа́л	-ьский	-ец	-ка	-ьцы	Вестфа́лия
викториа́н	-ский	-ец	-ка	-цы	
вирги́н	-ский	-ец	-ка	-цы	
виско́нсин	-ский	-ец	-ка	-цы	Виско́нсин
владивосто́к	-ский	-ец	-ка	-цы	Владивосто́к
влади́мир	-ский	-ец	-ка	-цы	Влади́мир
волгогра́д	-ский	-ец	-ка	-цы	Волгогра́д
волгодо́н	-ский	-ец	-ка	-цы	Волгодо́нск
волого́д	-ский	-ец	-ка	-цы	Волого́дский райо́н
волого́дщин	-ский	-ец	-ка	-цы	Волого́дщина
воркути́н	-ский	-ец	-ка	-цы	Воркута́
воро́неж	-ский	-ец	-ка	-цы	Воро́неж
воскресе́н	-ский	-ец	-ка	-цы	Воскресе́нск
восто́чноевропе́	-йский	-ец	-йка	-йцы	Восто́чная Евро́па
восточноказахста́н	-ский	-ец	-ка	-цы	Восто́чный Казахста́н
во́ткин	-ский	-ец	-ка	-цы	Во́ткинск
вы́ксун	-ский	-ец	-ка	-цы	
вьентья́н	-ский	-ец	-ка	-цы	
вьетна́м	-ский	-ец	-ка	-цы	
вя́ткин	-ский	-ец	-ка	-цы	Вя́тка
габо́н	-ский	-ец	-ка	-цы	
гава́й	-ский	-ец	-ка	-цы	
гайа́н	-ский	-ец	-ка	-цы	
гамби́	-йский	-ец	-йка	-йцы	
га́мбург	-ский	-ец	-ка	-цы	
га́н	-ский	-ец	-ка	-цы	
гватема́л	-ьский	-ец	-ка	-ьцы	
гвиа́н	-ский	-ец	-ка	-цы	
гвине́	-йский	-ец	-йка	-йцы	
ГДРов	-ский	-ец	-ка	-цы	
герма́н	-ский	-ец	-ка	-цы	
ге́рнси	-йский	-ец	-йка	-йцы	
ге́ссен	-ский	-ец	-ка	-цы	
гондва́н	-ский	-ец	-ка	-цы	
гондура́с	-ский	-ец	-ка	-цы	
гонко́нг	-ский	-ец	-ка	-цы	
го́р	-ский	-ец	-ка	-цы	
городовико́в	-ский	-ец	-ка	-цы	Городовико́в (Баша́нт)
грена́д	-ский	-ец	-ка	-цы	
груди́нин	-ский	-ец	-ка	-цы	
гэдээ́ров	-ский	-ец	-ка	-цы	
дагеста́н	-ский	-ец	-ка	-цы	
дальневосто́ч	-ный	-енец	-енка	-енцы	
дальнере́чен	-ский	-ец	-ка	-цы	
дарги́н	-ский	-ец	-ка	-цы	
делавэ́р	-ский	-ец	-ка	-цы	
джерси́	-йский	-ец	-йка	-йцы	
джибути́	-йский	-ец	-йка	-йцы	
джо́рджи	-йский	-ец	-йка	-йцы	
дзержи́н	-ский	-ец	-ка	-цы	
ди́ксон	-ский	-ец	-ка	-цы	
днепродзержи́н	-ский	-ец	-ка	-цы	
долгопру́днен	-ский	-ец	-ка	-цы	
доминика́н	-ский	-ец	-ка	-цы	
дон	-ский	-е́ц		-цы	*
донча́н	-ский	-ец	-ка	-цы	
донча́н	-ский	-ин	-ка	-е	
древля́н	-ский	-ец	-ка	-цы	
древля́н	-ский	-ин	-ка	-е	
дре́зден	-ский	-ец	-ка	-цы	
ду́блин	-ский	-ец	-ка	-цы	
ду́бнин	-ский	-ец	-ка	-цы	
дудин	-ский	-е́ц		-цы́	
душанби́н	-ский	-ец	-ка	-цы	
дяди́н	-ский	-ец	-ка	-цы	
еврази́	-йский	-ец	-йка	-йцы	
европе́	-йский	-ец	-йка	-йцы	
един	-ский	-е́ц		-цы́	
екатеринбу́р	-гский	-жец	-женка	-гцы	
екатери́нин	-ский	-ец	-ка	-цы	
елен	-ский	-е́ц	-цка	-цы́	*
е́лен	-ский	-ец	-ка	-цы	
елизаве́тин	-ский	-ец	-ка	-цы	
е́льнин	-ский	-ец	-ка	-цы	
епифа́н	-ский	-ец	-ка	-цы	
ерева́н	-ский	-ец	-ка	-цы	
е́ржен	-ский	-ец	-ка	-цы	
жи́здрин	-ский	-ец	-ка	-цы	
жн	-е́цский	-е́ц		-ецы́	
забайка́л	-ьский	-ец	-ка	-ьцы	
задо́н	-ский	-ец	-ка	-цы	
задо́нов	-ский	-ец	-ка	-цы	
задо́рнов	-ский	-ец	-ка	-цы	
заи́р	-ский	-ец	-ка	-цы	
замби́	-йский	-ец	-йка	-йцы	
западновирги́н	-ский	-ец	-ка	-цы	
за́падноевропе́	-йский	-ец	-йка	-йцы	
заселе́н	-ский	-ец	-ка	-цы	
за́сла́н	-ский	-ец	-ка	-цы	
засра́н	-ский	-ец	-ка	-цы	
засса́н	-ский	-ец	-ка	-цы	
зелен	-ский	-е́ц		-цы́	
зеле́н	-ский	-ец	-ка	-цы	
зеленогра́д	-ский	-ец	-ка	-цы	
зимбабви́	-йский	-ец	-йка	-йцы	
золотоорды́н	-ский	-ец	-ка	-цы	
зюга́нов	-ский	-ец	-ка	-цы	
ива́нов	-ский	-ец	-ка	-цы	
ивуари́	-йский	-ец	-йка	-йцы	
иждиве́н	-ский	-ец	-ка	-цы	
изве́стин	-ский	-ец	-ка	-цы	
извраще́н	-ский	-ец	-ка	-цы	
изоби́льнен	-ский	-ец	-ка	-цы	
иллино́йс	-ский	-ец	-ка	-цы	
ильи́н	-ский	-ец	-ка	-цы	
имерети́н	-ский	-ец	-ка	-цы	
инде́	-йский	-ец	-а́нка	-йцы	
инди́	-йский	-ец	-йка	-йцы	
индиа́н	-ский	-ец	-ка	-цы	
индонези́	-йский	-ец	-йка	-йцы	
индопакиста́н	-ский	-ец	-ка	-цы	
инозе́м	-ский	-ец	-ка	-цы	
иностра́н	-ский	-ец	-ка	-цы	
инти́н	-ский	-ец	-ка	-цы	
иорда́н	-ский	-ец	-ка	-цы	
ира́к	-ский	-ец	-ка	-цы	
ира́н	-ский	-ец	-ка	-цы	
ирла́нд	-ский	-ец	-ка	-цы	
исла́нд	-ский	-ец	-ка	-цы	
испа́н	-ский	-ец	-ка	-цы	
и́стрин	-ский	-ец	-ка	-цы	
италья́н	-ский	-ец	-ка	-цы	
ительме́н	-ский	-ец	-ка	-цы	
ишу́тин	-ский	-ец	-ка	-цы	
йе́мен	-ский	-ец	-ка	-цы	
йе́н	-ский	-ец	-ка	-цы	
йошкароли́н	-ский	-ец	-ка	-цы	
кабарди́н	-ский	-ец	-ка	-цы	
кабардинобалка́р	-ский	-ец	-ка	-цы	
кабовердиа́н	-ский	-ец	-ка	-цы	
кавка́з	-ский	-ец	-ка	-цы	
кага́н	-ский	-ец	-ка	-цы	
каза́н	-ский	-ец	-ка	-цы	
казахста́н	-ский	-ец	-ка	-цы	
кали́нин	-ский	-ец	-ка	-цы	
калинингра́д	-ский	-ец	-ка	-цы	
калифорни́	-йский	-ец	-йка	-йцы	
калу́ж	-ский	-ец	-ка	-цы	
камбоджи́	-йский	-ец	-йка	-йцы	
ка́мен	-ский	-ец	-ка	-цы	
камеру́н	-ский	-ец	-ка	-цы	
кампа́н	-ский	-ец	-ка	-цы	
камчада́л	-ьский	-ец	-ка	-ьцы	
камча́т	-ский	-ец	-ка	-цы	
камча́тов	-ский	-ец	-ка	-цы	
кана́д	-ский	-ец	-ка	-цы	
канза́с	-ский	-ец	-ка	-цы	
ка́нн	-ский	-ец	-ка	-цы	
кантиа́н	-ский	-ец	-ка	-цы	
кап	-е́цский	-е́ц			
караба́хов	-ский	-ец	-ка	-цы	
караганди́н	-ский	-ец	-ка	-цы	
карача́ев	-ский	-ец	-ка	-цы	
карачаевочерке́сс	-ский	-ец	-ка	-цы	
каркарали́н	-ский	-ец	-ка	-цы	
картезиа́н	-ский	-ец	-ка	-цы	
катало́н	-ский	-ец	-ка	-цы	
ка́тар	-ский	-ец	-ка	-цы	
каутскиа́н	-ский	-ец	-ка	-цы	
кахети́н	-ский	-ец	-ка	-цы	
кашми́р	-ский	-ец	-ка	-цы	
кви́нсов	-ский	-ец	-ка	-цы	
кейнсиа́н	-ский	-ец	-ка	-цы	
ке́ллеров	-ский	-ец	-ка	-цы	
ке́меров	-ский	-ец	-ка	-цы	
кени́	-йский	-ец	-йка	-йцы	
кёнигсбе́рж	-ский	-ец	-ка	-цы	
кенту́кков	-ский	-ец	-ка	-цы	
киприо́т	-ский	-ец	-ка	-цы	
киргизста́н	-ский	-ец	-ка	-цы	
кириба́т	-ский	-ец	-ка	-цы	
ки́ров	-ский	-ец	-ка	-цы	
кита́	-йский	-ец	-янка	-йцы	
кита́	-йский	-ец	-йка	-йцы	
кокчета́в	-ский	-ец	-ка	-цы	
колора́дов	-ский	-ец	-ка	-цы	
колумби́	-йский	-ец	-йка	-йцы	
комбоджи́	-йский	-ец	-йка	-йцы	
комо́р	-ский	-ец	-ка	-цы	
компучи́	-йский	-ец	-йка	-йцы	
конголе́з	-ский	-ец	-ка	-цы	
конне́ктикутов	-ский	-ец	-ка	-цы	
конфуциа́н	-ский	-ец	-ка	-цы	
кордилье́р	-ский	-ец	-ка	-цы	
коре́	-йский		-йка	-йки	пи́ща
коре́	-йский	-ец	-янка	-йцы	
корин	-ский	-е́ц		-цы́	
ко́рин	-ский	-ец	-ка	-цы	
костарика́н	-ский	-ец	-ка	-цы	
котдивуа́р	-ский	-ец	-ка	-цы	
краса́в	-ский	-ец	-а	-цы	
краса́в	-ский	-ец	-ка	-цы	
краснадо́н	-ский	-ец	-ка	-цы	Краснадо́н
краснода́р	-ский	-ец	-ка	-цы	
красноя́р	-ский	-ец	-ка	-цы	
кре́мен	-ский	-ец	-ка	-цы	
кри́стмаса́йленд	-ский	-ец	-ка	-цы	
кроманьо́н	-ский	-ец	-ка	-цы	
крымча́нин	-ский	-ец	-ка	-цы	
куба́н	-ский	-ец	-ка	-цы	
куби́н	-ский	-ец	-ка	-цы	
куве́йт	-ский	-ец	-ка	-цы	
кузба́сс	-ский	-ец	-ка	-цы	
куп	-е́цский	-е́ц	-чиха	-цы	
курга́н	-ский	-ец	-ка	-цы	
курен	-ский	-е́ц		-цы́	
кя́т	-ский	-ец	-ка	-цы	Кят / Бируни́
лавренти́	-йский	-ец	-йка	-йцы	
лао́с	-ский	-ец	-ка	-цы	
лаотя́н	-ский	-ец	-ка	-цы	
лассалья́н	-ский	-ец	-ка	-цы	
латви́	-йский	-ец	-йка	-йцы	
лати́н	-ский	-ец	-ка	-цы	
лати́ноамерика́н	-ский	-ец	-ка	-цы	
латиня́н	-ский	-ин	-ка	-е	
лебедя́н	-ский	-ец	-ка	-цы	
леванти́н	-ский	-ец	-ка	-цы	
лезги́н	-ский	-ец	-ка	-цы	
лейбнициа́н	-ский	-ец	-ка	-цы	
лени́н	-ский	-ец	-ка	-цы	
ленингра́д	-ский	-ец	-ка	-цы	
лесоснабже́н	-ский	-ец	-ка	-цы	
лесо́т	-ский	-ец	-ка	-цы	
либери́	-йский	-ец	-йка	-йцы	
лива́н	-ский	-ец	-ка	-цы	
ли́вен	-ский	-ец	-ка	-цы	
ливи́	-йский	-ец	-йка	-йцы	
ливо́н	-ский	-ец	-ка	-цы	
лио́н	-ский	-ец	-ка	-цы	
липчан́	-ский	-ец	-ка	-цы	
лисабо́н	-ский	-ец	-ка	-цы	
лито́в	-ский	-ец	-ка	-цы	
лихтенште́йн	-ский	-ец	-ка	-цы	
ло́дзин	-ский	-ец	-ка	-цы	
лоза́нн	-ский	-ец	-ка	-цы	
ло́ндон	-ский	-ец	-ка	-цы	
луга́н	-ский	-ец	-ка	-цы	
луганча́нин	-ский	-ец	-ка	-цы	
луизиа́н	-ский	-ец	-ка	-цы	
лу́нин	-ский	-ец	-ка	-цы	
лю́блин	-ский	-ец	-ка	-цы	
любля́н	-ский	-ец	-ка	-цы	
люксембу́рж	-ский	-ец	-ка	-цы	
маврики́	-йский	-ец	-йка	-йцы	
маврита́н	-ский	-ец	-ка	-цы	
магада́н	-ский	-ец	-ка	-цы	
магада́нов	-ский	-ец	-ка	-цы	
магомета́н	-ский	-ец	-ка	-цы	
мадагаска́р	-ский	-ец	-ка	-цы	
мазендера́н	-ский	-ец	-ка	-цы	
мака́он	-ский	-ец	-ка	-цы	
македо́н	-ский	-ец	-ка	-цы	
мала́	-йский	-ец	-йка	-йцы	
малави́	-йский	-ец	-йка	-йцы	
малагаси́	-йский	-ец	-йка	-йцы	
малайзи́	-йский	-ец	-йка	-йцы	
малева́н	-ский	-ец	-ка	-цы	
малёван	-ский	-ец	-ка	-цы	
мали́	-йский	-ец	-йка	-йцы	
мальди́в	-ский	-ец	-ка	-цы	
мальдивиа́н	-ский	-ец	-ка	-цы	
мальти́	-йский	-ец	-йка	-йцы	
мальтузиа́н	-ский	-ец	-ка	-цы	
манси́	-йский	-ец	-йка	-йцы	
мантуа́н	-ский	-ец	-ка	-цы	
манхэ́ттен	-ский	-ец	-ка	-цы	
марафо́н	-ский	-ец	-ка	-цы	
мари́	-йский	-ец	-йка	-йцы	
марокка́н	-ский	-ец	-ка	-цы	
марша́ллов	-ский	-ец	-ка	-цы	
массачу́с	-ский	-ец	-ка	-цы	
махачкали́н	-ский	-ец	-ка	-цы	
медельи́н	-ский	-ец	-ка	-цы	
междуре́чен	-ский	-ец	-ка	-цы	
межрайо́н	-ский	-ец	-ка	-цы	
ме́зен	-ский	-ец	-ка	-цы	
мезозо́	-йский	-ец	-йка	-йцы	
ме́кленбурж	-ский	-ец	-ка	-цы	
мексика́н	-ский	-ец	-ка	-цы	
месхети́н	-ский	-ец	-ка	-цы	
мехика́н	-ский	-ец	-ка	-цы	
микронези́	-йский	-ец	-йка	-йцы	
мила́н	-ский	-ец	-ка	-цы	
миннисо́т	-ский	-ец	-ка	-цы	
минуси́н	-ский	-ец	-ка	-цы	
ми́рнен	-ский	-ец	-ка	-цы	
мирнообновле́н	-ский	-ец	-ка	-цы	
миссиси́п	-ский	-ец	-ка	-цы	
миссу́рин	-ский	-ец	-ка	-цы	
мичига́н	-ский	-ец	-ка	-цы	
мичу́рин	-ский	-ец	-ка	-цы	
младогегелья́н	-ский	-ец	-ка	-цы	
мозамби́к	-ский	-ец	-ка	-цы	
молоде́чнен	-ский	-ец	-ка	-цы	
монега́с	-ский	-ец	-ка	-цы	
монта́нав	-ский	-ец	-ка	-цы	
мордо́в	-ский	-ец	-ка	-цы	
морша́н	-ский	-ец	-ка	-цы	
мотопехоти́н	-ский	-ец	-ка	-цы	
мудр	-е́цский	-е́ц		-ецы́	
му́рман	-ский	-ец	-ка	-цы	
мыти́щин	-ский	-ец	-ка	-цы	
мья́нм	-ский	-ец	-ка	-цы	
мья́нм	-ский	-ец	-ка	-цы	Мья́нма
мэ́н	-ский	-ец	-ка	-цы	
мэна́йленд	-ский	-ец	-ка	-цы	
мэрилэ́нд	-ский	-ец	-ка	-цы	
мю́нхен	-ский	-ец	-ка	-цы	
наманга́н	-ский	-ец	-ка	-цы	
намиби́	-йский	-ец	-йка	-йцы	
на́нкин	-ский	-ец	-ка	-цы	
направле́н	-ский	-ец	-ка	-цы	
нарофоми́н	-ский	-ец	-ка	-цы	
науруа́н	-ский	-ец	-ка	-цы	
нахичева́н	-ский	-ец	-ка	-цы	
нахо́дкин	-ский	-ец	-ка	-цы	
неандерта́л	-ьский	-ец	-ка	-ьцы	
неаполита́н	-ский	-ец	-ка	-цы	
небра́скин	-ский	-ец	-ка	-цы	
нева́дав	-ский	-ец	-ка	-цы	
невозвраще́н	-ский	-ец	-ка	-цы	
невья́н	-ский	-ец	-ка	-цы	
не́гроафрика́н	-ский	-ец	-ка	-цы	
не́жин	-ский	-ец	-ка	-цы	
нейхоф	-ский	-ец	-ка	-цы	Нейхоф (Neuhof)
нейхофф	-ский	-ец	-ка	-цы	Нейхофф (Neuhoff)
не́м	-ский	-ец	-ка	-цы	
не́н	-ский	-ец	-ка	-цы	
непа́л	-ьский	-ец	-ка	-ьцы	
ниге́р	-ский	-ец	-ка	-цы	
ни́гер	-ский	-ец	-ка	-цы	
нигери́	-йский	-ец	-ка	-цы	
нидерла́нд	-ский	-ец	-ка	-цы	
нижегоро́д	-ский	-ец	-ка	-цы	
нижнесаксо́н	-ский	-ец	-ка	-цы	
никарагуа́н	-ский	-ец	-ка	-цы	
новгоро́д	-ский	-ец	-ка	-цы	
новоафо́н	-ский	-ец	-ка	-цы	
новозела́нд	-ский	-ец	-ка	-цы	
новосиби́р	-ский	-ец	-ка	-цы	
норве́ж	-ский	-ец	-ка	-цы	
но́рфолка́йленд	-ский	-ец	-ка	-цы	
нурсулта́нов	-ский	-ец	-ка	-цы	
ньюгэ́мшир	-ский	-ец	-ка	-цы	
ньюджерси́	-йский	-ец	-йка	-йцы	
ньюмексика́н	-ский	-ец	-ка	-цы	
ога́й	-ский	-ец	-ка	-цы	
оклахо́м	-ский	-ец	-ка	-цы	
ома́н	-ский	-ец	-ка	-цы	
оренбу́рж	-ский	-ец	-ка	-цы	
оренбу́рж	-ский	-ец	-енка	-цы	
ориго́н	-ский	-ец	-ка	-цы	
орло́в	-ский	-ец	-ка	-цы	
о́рлов	-ский	-ец	-ка	-цы	
орловча́н	-ский	-ец	-ка	-цы	
орло́вщин	-ский	-ец	-ка	-цы	
падл	-е́цский	-е́ц		-ецы́	
пакиста́н	-ский	-ец	-ка	-цы	
палауа́н	-ский	-ец	-ка	-цы	
палеозо́	-йский	-ец	-йка	-йцы	
палести́н	-ский	-ец	-ка	-цы	
пана́м	-ский	-ец	-ка	-цы	
панге	-йский	-ец	-йка	-йцы	
пантала́сс	-ский	-ец	-ка	-цы	
панфи́лов	-ский	-ец	-ка	-цы	
панха́	-йский	-ец	-йка	-йцы	
парагва́	-йский	-ец	-йка	-йцы	
пе́нзен	-ский	-ец	-ка	-цы	
пенсильва́н	-ский	-ец	-ка	-цы	
перуа́н	-ский	-ец	-ка	-цы	
петербу́рж	-ский	-ец	-енка	-цы	
петербу́рж	-ский	-ец	-ка	-цы	
пе́тровгра́д	-ский	-ец	-ка	-цы	
петрогра́д	-ский	-ец	-ка	-цы	
пизд	-е́цский	-е́ц			
пи́тер	-ский	-ец	-ка	-цы	
питербу́рж	-ский	-ец	-енка	-цы	
питербу́рж	-ский	-ец	-ка	-цы	
помо́р	-ский	-ец	-ка	-цы	
португа́л	-ьский	-ец	-ка	-ьцы	
поселе́н	-ский	-ец	-ка	-цы	
преднистро́в	-ский	-ец	-ка	-цы	
приво́лж	-ский	-ец	-ка	-цы	
примо́р	-ский	-ец	-ка	-цы	
приморча́н	-ский	-ец	-ка	-цы	
пско́вщин	-ский	-ец	-ка	-цы	
пуэрторика́н	-ский	-ец	-ка	-цы	
пфа́л	-ьский	-ец	-ка	-ьцы	
ракха́йн	-ский	-ец	-ка	-цы	Ракха́йна
ре́йн	-ский	-ец	-ка	-цы	
рода́ленд	-ский	-ец	-ка	-цы	
росто́в	-ский	-ец	-ка	-цы	
ростовча́н	-ский	-ец	-ка	-цы	
руанди́	-йский	-ец	-йка	-йцы	
ряза́н	-ский	-ец	-ка	-цы	
ряза́нщин	-ский	-ец	-ка	-цы	
саа́р	-ский	-ец	-ка	-цы	
саксо́н	-ский	-ец	-ка	-цы	
саксо́на́нхал	-ьский	-ец	-ка	-ьцы	
сальвадо́р	-ский	-ец	-ка	-цы	
сама́р	-ский	-ец	-ка	-цы	
самоа́н	-ский	-ец	-ка	-цы	
санктпетербу́рж	-ский	-ец	-ка	-цы	
санктпетербу́ржен	-ский	-ец	-ка	-цы	
санмари́н	-ский	-ец	-ка	-цы	
сантоми́	-йский	-ец	-йка	-йцы	
сара́н	-ский	-ец	-ка	-цы	
сара́тов	-ский	-ец	-ка	-цы	
са́рни́	-йский	-ец	-йка	-йцы	
сахали́н	-ский	-ец	-ка	-цы	
саха́р	-ский	-ец	-ка	-цы	
свазиле́нд	-ский	-ец	-ка	-цы	
северодако́тин	-ский	-ец	-ка	-цы	
се́вероевропе́	-йский	-ец	-йка	-йцы	
северокавка́з	-ский	-ец	-ка	-цы	
северокароли́н	-ский	-ец	-ка	-цы	
северокиприо́т	-ский	-ец	-ка	-цы	
северокоре́	-йский	-ец	-йка	-йцы	
северомакедо́н	-ский	-ец	-ка	-цы	
североосетин	-ский	-ец	-ка	-цы	
севреноза́падноевропе́	-йский	-ец	-йка	-йцы	
сейше́л	-ьский	-ец	-ка	-ьцы	
сельча́н	-ский	-ец	-ка	-цы	
селя́н	-ский	-ец	-ка	-цы	
сенега́л	-ьский	-ец	-ка	-ьцы	
сентвинсе́нт	-ский	-ец	-ка	-цы	
сентки́тс	-ский	-ец	-ка	-цы	
сентлюси́	-йский	-ец	-йка	-йцы	
симби́р	-ский	-ец	-ка	-цы	
сингапу́р	-ский	-ец	-ка	-цы	
сири́	-йский	-ец	-йка	-йцы	
ско́п	-ский	-ец	-ка	-цы	
слове́н	-ский	-ец	-ка	-цы	
слоля́н	-ский	-ец	-ка	-цы	
сма́л	-ьский	-ец		-ьцы	пи́ща
смоле́н	-ский	-ец	-ка	-цы	
смоле́нщин	-ский	-ец	-ка	-цы	
смолян	-ский	-е́ц		-цы́	смолить
соломо́нов	-ский	-ец	-ка	-цы	
сомали́	-йский	-ец	-йка	-йцы	
сомалиле́нд	-ский	-ец	-ка	-цы	
ста́вропо́л	-ьский	-ец	-ка	-ьцы	
суда́н	-ский	-ец	-ка	-цы	
сурина́м	-ский	-ец	-ка	-цы	
сьерралео́н	-ский	-ец	-ка	-цы	
сянга́н	-ский	-ец	-ка	-цы	
таёж	-ский	-ец	-ка	-цы	
таёжен	-ский	-ец	-ка	-цы	
таила́нд	-ский	-ец	-ка	-цы	
тайва́н	-ский	-ец	-ка	-цы	
такджикиста́н	-ский	-ец	-ка	-цы	
тамбо́в	-ский	-ец	-ка	-цы	
тамбовча́н	-ский	-ец	-ка	-цы	
танзани́	-йский	-ец	-йка	-йцы	
тата́р	-ский	-ин	-ка	-ы	
тата́рин	-ский	-ец	-ка	-цы	
татарста́н	-ский	-ец	-ка	-цы	
темирта́ув	-ский	-ец	-ка	-цы	
теннеси́	-йский	-ец	-йка	-йцы	
теха́с	-ский	-ец	-ка	-цы	
тимо́р	-ский	-ец	-ка	-цы	
тоголе́з	-ский	-ец	-ка	-цы	
то́нган	-ский	-ец	-ка	-цы	
тор	-ский	-е́ц		-цы	
тринида́д	-ский	-ец	-ка	-цы	
тували́	-йский	-ец	-йка	-йцы	
тува́н	-ский	-ец	-ка	-цы	
туви́н	-ский	-ец	-ка	-цы	
туни́с	-ский	-ец	-ка	-цы	
туркмениста́н	-ский	-ец	-ка	-цы	
тюме́н	-ский	-ец	-ка	-цы	
тюри́нг	-ский	-ец	-ка	-цы	
ува́ров	-ский	-ец	-ка	-цы	
уганди́	-йский	-ец	-йка	-йцы	
уганди́	-йский	-ец	-йка	-йцы	
удму́рт	-ский	-ец	-ка	-цы	
узбекиста́н	-ский	-ец	-ка	-цы	
украи́н	-ский	-ец	-ка	-цы	
укра́ин	-ский	-ец	-ка	-цы	
улья́нов	-ский	-ец	-ка	-цы	
ура́л	-ский	-ец	-ка	-ьцы	
уроже́н	-ский	-ец	-ка	-цы	
уругва́	-йский	-ец	-йка	-йцы	
фиджи́	-йский	-ец	-йка	-йцы	
филиппи́н	-ский	-ец	-ка	-цы	
финн	-ский	-	-ка	-ы	
флама́нд	-ский	-ец	-ка	-цы	
флори́д	-ский	-ец	-ка	-цы	
фонкле́нд	-ский	-ец	-ка	-цы	
хаба́ров	-ский	-ец	-ка	-цы	
хаба́ров	-ский	-ец	-чанка	-цы	
хака́с	-ский	-ец	-ка	-цы	
ханты́	-йский	-ец	-йка	-йцы	
ху	-йский	-е́ц		-йцы	
хуй	-ский	-е́ц		-цы	
хуторя́н	-ский	-ец	-ка	-цы	
царедво́р	-ский	-ец	-ка	-цы	
царетво́р	-ский	-ец	-ка	-цы	
целиногра́д	-ский	-ец	-ка	-цы	
центральноафрика́н	-ский	-ец	-ка	-цы	
центральноевропе́	-йский	-ец	-йка	-йцы	
ча́д	-ский	-ец	-ка	-цы	
челя́бин	-ский	-ец	-ка	-цы	
черке́с	-ский	-ец	-ка	-цы	
черке́с	-ский	-	-ка	-ы	
черного́р	-ский	-ец	-ка	-цы	
чече́н	-ский	-ец	-ка	-цы	
чили́	-йский	-ец	-йка	-йцы	
чити́н	-ский	-ец	-ка	-цы	
чухо́н	-ский	-ец	-ка	-цы	
ша́дрин	-ский	-ец	-ка	-цы	
шаха́н	-ский	-ец	-ка	-цы	
шахти́н	-ский	-ец	-ка	-цы	
швед	-ский	-	-ка	-ы	
швейца́р	-ский	-ец	-ка	-цы	
шле́звиггольште́йн	-ский	-ец	-ка	-цы	
шриланки́	-йский	-ец	-йка	-йцы	
шу́шин	-ский	-ец	-ка	-цы	
шэнья́н	-ский	-ец	-ка	-цы	
щёкин	-ский	-ец	-ка	-цы	
щёлкин	-ский	-ец	-ка	-цы	
ще́пкин	-ский	-ец	-ка	-цы	
ще́цин	-ский	-ец	-ка	-цы	
щу́чин	-ский	-ец	-ка	-цы	
эве́н	-ский	-ец	-ка	-цы	
эквадо́р	-ский	-ец	-ка	-цы	
экваторогвине́	-йский	-ец	-йка	-йцы	
элисти́н	-ский	-ец	-ка	-цы	
эмира́тов	-ский	-ец	-ка	-цы	Эмира́ты
э́н	-ский	-ец	-ка	-цы	Эн
эритре́	-йский	-ец	-йка	-йцы	Эритре́я
эсвати́н	-ский	-ец	-ка	-цы	
эскадро́н	-ский	-ец	-ка	-цы	эска́дра
эсми́н	-ский	-ец	-ка	-цы	судно
э́ссен	-ский	-ец	-ка	-цы	Э́ссен
эсто́н	-ский	-ец	-ка	-цы	Эсто́ния
эфио́п	-ский	-	-ка	-ы	Эфио́пия
эфио́п	-ский	-ец	-ка	-цы	Эфио́пия
юа́ров	-ский	-ец	-ка	-цы	ЮАР
ю́гоевропе́	-йский	-ец	-йка	-йцы	Ю́жная Евро́па
югоза́падноевропе́	-йский	-ец	-йка	-йцы	Юго-За́падная Евро́па
югоосети́н	-ский	-ец	-ка	-цы	
югоосети́н	-ский	-	-ка	-ы	
югра́н	-ский	-ец	-ка	-цы	Югра́
южноамерика́н	-ский	-ец	-ка	-цы	Ю́жная Аме́рика
южноафрика́н	-ский	-ец	-ка	-цы	Ю́жная А́фрика
южнодако́тов	-ский	-ец	-ка	-цы	Ю́жная Доко́та
ю́жноевропе́	-йский	-ец	-йка	-йцы	Ю́жная Евро́па
южнокароли́н	-ский	-ец	-ка	-цы	Ю́жная Кароли́на
южносахали́н	-ский	-ец	-ка	-цы	Ю́жный Сахали́н
южносуда́н	-ский	-ец	-ка	-цы	Ю́жный Суда́н
юн	-ский	-е́ц		-цы	
юнгиа́н	-ский	-ец	-ка	-цы	
юньна́н	-ский	-ец	-ка	-цы	
юрги́н	-ский	-ец	-ка	-цы	
ю́тан	-ский	-ец	-ка	-цы	Ю́та
я́блон	-ский	-ец	-ка	-цы	
ява́н	-ский	-ец	-ка	-цы	Я́ва
я́вор	-ский	-ец	-ка	-цы	Я́вор
якоби́н	-ский	-ец	-ка	-цы	
яку́т	-ский	-ец	-ка	-цы	Яку́тия
якутя́н	-ский	-ец	-ка	-цы	Яку́тия
я́лтин	-ский	-ец	-ка	-цы	Я́лта
яма́	-йский	-ец	-йка	-йцы	Яма́йка
яма́л	-ьский	-ец	-ка	-ьцы	Яма́л
яма́лоне́н	-ецкий	-ец	-ка	-цы	Яма́ло-Не́нецкий о́круг
япо́н	-ский	-ец	-ка	-цы	Япо́ния
яросла́в	-ский	-ец	-ка	-цы	
яросла́вл	-ьский	-ец	-ька	-ьцы	Яросла́вль
яросла́вщин	-ский	-ец	-ка	-цы	
я́син	-ский	-ец	-ка	-цы	
я́синев	-ский	-ец	-ка	-цы	Я́синево
